feature,missing,outliers_iqr,min,max,mean,std
Sex,0,0,0.0,1.0,0.5009613333333334,0.49999940917041885
Age,0,0,20.0,79.0,41.420404,15.175048847356774
Height,0,14,126.0,222.0,174.69768546666666,12.824495661028045
Weight,0,9,36.0,132.0,75.145668,13.982703512561239
Duration,0,0,1.0,30.0,15.421014666666666,8.354095425106202
Heart_Rate,0,36,67.0,128.0,95.48399465764,9.449845358526646
Body_Temp,0,14919,37.1,41.5,40.03625318080532,0.7798745572760215
